Brand,Model,Body_Type,Price_Min_Lakh,Price_Max_Lakh,Price_Avg_Lakh,Price_INR,Mileage_Min_kmpl,Mileage_Max_kmpl,Mileage_Avg_kmpl,Engine_Min_CC,Engine_Max_CC,Engine_Avg_CC,Safety_Rating,Safety_Rating_Available,NCAP_Body,Fuel_Type_Primary,Fuel_Type_Full,Transmission_Primary,Transmission_Full,Seating_Min,Seating_Max
Maruti,Alto K10,Hatchback,3.99,5.96,4.975,497500.0,24.39,33.85,29.12,998.0,998.0,998.0,2.0,True,Global NCAP,Petrol,Petrol & CNG,Manual,Manual & Automatic,5.0,5.0
Maruti,S-Presso,Hatchback,4.26,6.11,5.1850000000000005,518500.0,24.44,32.73,28.585,998.0,998.0,998.0,0.0,True,Global NCAP,Petrol,Petrol & CNG,Manual,Manual & Automatic,4.0,5.0
Renault,Kwid,Hatchback,4.7,6.45,5.575,557500.0,21.7,22.0,21.85,999.0,999.0,999.0,1.0,True,Global NCAP,Petrol,Petrol,Manual,Manual & Automatic,5.0,5.0
Maruti,Ignis,Hatchback,5.84,8.3,7.07,707000.0,20.89,20.89,20.89,1197.0,1197.0,1197.0,5.0,False,,Petrol,Petrol,Manual,Manual & Automatic,5.0,5.0
Maruti,Eeco,Van,5.32,6.58,5.95,595000.0,19.6,19.6,19.6,1197.0,1197.0,1197.0,5.0,False,,Petrol,Petrol & CNG,Manual,Manual,5.0,7.0
Renault,Kiger,SUV,6.0,11.23,8.615,861500.0,19.6,19.6,19.6,1489.5,1489.5,1489.5,5.0,False,,Petrol,Petrol,Manual,Manual,5.0,5.0
Maruti,Celerio,Hatchback,5.36,7.1,6.23,623000.0,19.6,19.6,19.6,1489.5,1489.5,1489.5,5.0,False,,Petrol,Petrol,Manual,Manual,5.0,5.0
Citroen,C3,Hatchback,6.16,9.08,7.62,762000.0,19.3,19.3,19.3,1198.0,1199.0,1198.5,5.0,False,,Petrol,Petrol,Manual,Manual,5.0,5.0
Renault,Triber,MPV,6.0,8.98,7.49,749000.0,18.2,19.0,18.6,999.0,999.0,999.0,4.0,True,Global NCAP,Petrol,Petrol,Manual,Manual & Automatic,7.0,7.0
Maruti,Brezza,SUV,8.34,14.14,11.24,1124000.0,19.05,25.51,22.28,1462.0,1462.0,1462.0,5.0,False,,Petrol,Petrol & CNG,Manual,Manual & Automatic,5.0,5.0
Tata,Nexon,SUV,8.1,15.5,11.8,1180000.0,17.01,24.08,20.545,1199.0,1497.0,1348.0,5.0,True,Global NCAP,Petrol,Petrol & Diesel,Manual,Manual & Automatic,5.0,5.0
Force Motors,Trax Cruiser,Van,13.83,15.23,14.53,1453000.0,19.6,19.6,19.6,2596.0,2596.0,2596.0,5.0,False,,Diesel,Diesel,Manual,Manual,10.0,13.0
Tata,Tigor EV,Sedan,12.49,13.75,13.12,1312000.0,19.6,19.6,19.6,1489.5,1489.5,1489.5,4.0,True,Global NCAP,Electric,Electric,Automatic,Automatic,5.0,5.0
Mahindra,Marazzo,MPV,14.39,16.8,15.595,1559500.0,19.6,19.6,19.6,1497.0,1497.0,1497.0,4.0,True,Global NCAP,Diesel,Diesel,Manual,Manual,7.0,8.0
Citroen,eC3,Hatchback,11.61,13.5,12.555,1255500.0,19.6,19.6,19.6,1489.5,1489.5,1489.5,5.0,False,,Electric,Electric,Automatic,Automatic,5.0,5.0
Hyundai,Venue N Line,SUV,12.08,13.9,12.99,1299000.0,19.6,19.6,19.6,998.0,998.0,998.0,5.0,False,,Petrol,Petrol,Manual,Manual & Automatic,5.0,5.0
Volkswagen,Taigun,SUV,11.7,21.1,16.4,1640000.0,18.15,19.87,19.01,999.0,1498.0,1248.5,5.0,True,Global NCAP,Petrol,Petrol,Manual,Manual & Automatic,5.0,5.0
Maruti,XL6,MPV,11.56,14.82,13.19,1319000.0,19.6,19.6,19.6,1489.5,1489.5,1489.5,5.0,False,,Petrol,Petrol,Manual,Manual,5.0,5.0
Honda,City,Sedan,11.74,16.22,13.98,1398000.0,19.6,19.6,19.6,1489.5,1489.5,1489.5,5.0,False,,Petrol,Petrol,Manual,Manual,5.0,5.0
Skoda,Slavia,Sedan,11.53,19.12,15.325,1532500.0,18.73,20.32,19.525,999.0,1498.0,1248.5,5.0,True,Global NCAP,Petrol,Petrol,Manual,Manual & Automatic,5.0,5.0
Tata,Nexon EV,SUV,14.74,19.94,17.34,1734000.0,19.6,19.6,19.6,1489.5,1489.5,1489.5,5.0,False,,Electric,Electric,Automatic,Automatic,5.0,5.0
Maruti,Jimny,SUV,10.74,15.05,12.895,1289500.0,16.39,16.94,16.665,1462.0,1462.0,1462.0,5.0,False,,Petrol,Petrol,Manual,Manual & Automatic,4.0,4.0
Skoda,Kushaq,SUV,11.89,20.49,16.189999999999998,1619000.0,19.6,19.6,19.6,1489.5,1489.5,1489.5,5.0,False,,Petrol,Petrol,Manual,Manual,5.0,5.0
Kia,Carens,MPV,10.45,19.45,14.95,1495000.0,19.6,19.6,19.6,1482.0,1497.0,1489.5,3.0,True,Global NCAP,Petrol,Petrol & Diesel,Manual,"Manual, Clutchless Manual (IMT) & Automatic",6.0,7.0
Volkswagen,Virtus,Sedan,11.56,19.41,15.485,1548500.0,18.45,20.66,19.555,999.0,1498.0,1248.5,5.0,True,Global NCAP,Petrol,Petrol,Manual,Manual & Automatic,5.0,5.0
Honda,Elevate,SUV,11.68,16.5,14.09,1409000.0,15.31,16.92,16.115000000000002,1498.0,1498.0,1498.0,5.0,False,,Petrol,Petrol,Manual,Manual & Automatic,5.0,5.0
Toyota,Rumion,MPV,10.29,13.68,11.985,1198500.0,20.11,26.11,23.11,1462.0,1462.0,1462.0,5.0,False,,Petrol,Petrol & CNG,Manual,Manual & Automatic,7.0,7.0
Hyundai,Verna,Sedan,11.0,17.42,14.21,1421000.0,18.6,20.6,19.6,1482.0,1497.0,1489.5,5.0,True,Global NCAP,Petrol,Petrol,Manual,Manual & Automatic,5.0,5.0
MG,Hector,SUV,15.0,22.2,18.6,1860000.0,19.6,19.6,19.6,1451.0,1956.0,1703.5,5.0,False,,Petrol,Petrol & Diesel,Manual,Manual & Automatic,5.0,5.0
Toyota,Urban Cruiser Hyryder,SUV,11.14,20.19,15.665,1566500.0,20.58,27.97,24.275,1462.0,1490.0,1476.0,5.0,False,,Hybrid,Hybrid & CNG,Manual,Manual & Automatic,5.0,5.0
Kia,Seltos,SUV,10.9,20.3,15.6,1560000.0,19.6,19.6,19.6,1489.5,1489.5,1489.5,5.0,False,,Petrol,Petrol,Manual,Manual,5.0,5.0
Mahindra,Scorpio,SUV,13.59,17.35,15.47,1547000.0,19.6,19.6,19.6,2184.0,2184.0,2184.0,5.0,False,,Diesel,Diesel,Manual,Manual,7.0,9.0
Maruti,Grand Vitara,SUV,10.7,19.92,15.31,1531000.0,20.58,27.97,24.275,1462.0,1490.0,1476.0,5.0,False,,Hybrid,Hybrid & CNG,Manual,Manual & Automatic,5.0,5.0
Mahindra,Thar,SUV,11.25,17.2,14.225,1422500.0,19.6,19.6,19.6,1489.5,1489.5,1489.5,5.0,False,,Petrol,Petrol,Manual,Manual,5.0,5.0
Mahindra,XUV700,SUV,13.99,26.99,20.49,2049000.0,19.6,19.6,19.6,1997.0,2184.0,2090.5,5.0,True,Global NCAP,Petrol,Petrol & Diesel,Manual,Manual & Automatic,5.0,7.0
Mahindra,Scorpio N,SUV,13.6,24.54,19.07,1907000.0,19.6,19.6,19.6,1997.0,2184.0,2090.5,5.0,True,Global NCAP,Petrol,Petrol & Diesel,Manual,Manual & Automatic,6.0,7.0
Tata,Punch EV,SUV,10.99,15.49,13.24,1324000.0,19.6,19.6,19.6,1489.5,1489.5,1489.5,5.0,False,,Electric,Electric,Automatic,Automatic,5.0,5.0
Hyundai,Creta,SUV,11.0,20.15,15.575,1557500.0,19.6,19.6,19.6,1482.0,1497.0,1489.5,5.0,False,,Petrol,Petrol & Diesel,Manual,Manual & Automatic,5.0,5.0
Honda,City Hybrid eHEV,Sedan,18.93,20.43,19.68,1968000.0,27.1,27.1,27.1,1498.0,1498.0,1498.0,5.0,False,,Hybrid,Hybrid,Automatic,Automatic,5.0,5.0
Force Motors,Gurkha,SUV,15.1,15.1,15.1,1510000.0,19.6,19.6,19.6,2596.0,2596.0,2596.0,5.0,False,,Diesel,Diesel,Manual,Manual,4.0,4.0
Isuzu,D-Max,Pickup,19.5,27.0,23.25,2325000.0,19.6,19.6,19.6,1898.0,1898.0,1898.0,5.0,True,ASEAN NCAP,Diesel,Diesel,Manual,Manual & Automatic,5.0,5.0
Hyundai,Alcazar,SUV,16.77,21.28,19.025,1902500.0,18.1,20.4,19.25,1482.0,1493.0,1487.5,5.0,False,,Petrol,Petrol & Diesel,Manual,Manual & Automatic,6.0,7.0
MG,Hector Plus,SUV,17.8,22.98,20.39,2039000.0,19.6,19.6,19.6,1451.0,1956.0,1703.5,5.0,False,,Petrol,Petrol & Diesel,Manual,Manual & Automatic,6.0,7.0
Jeep,Compass,SUV,20.69,32.27,26.480000000000004,2648000.0,16.2,17.1,16.65,1956.0,1956.0,1956.0,5.0,True,Euro NCAP,Diesel,Diesel,Manual,Manual & Automatic,5.0,5.0
Mahindra,XUV400,SUV,15.49,19.19,17.34,1734000.0,19.6,19.6,19.6,1489.5,1489.5,1489.5,5.0,False,,Electric,Electric,Automatic,Automatic,5.0,5.0
Toyota,Innova Hycross,MPV,19.77,30.68,25.225,2522500.0,16.13,23.24,19.685,1987.0,1987.0,1987.0,5.0,False,,Petrol,Petrol & Hybrid,Automatic,Automatic,7.0,8.0
Tata,Safari,SUV,16.19,27.34,21.765,2176500.0,14.5,16.3,15.4,1956.0,1956.0,1956.0,5.0,True,Bharat NCAP,Diesel,Diesel,Manual,Manual & Automatic,6.0,7.0
Toyota,Innova Crysta,MPV,18.65,19.99,19.32,1932000.0,19.6,19.6,19.6,2393.0,2393.0,2393.0,5.0,True,ASEAN NCAP,Diesel,Diesel,Manual,Manual,7.0,8.0
Tata,Harrier,SUV,15.49,26.44,20.965,2096500.0,14.6,16.8,15.7,1956.0,1956.0,1956.0,5.0,True,Bharat NCAP,Diesel,Diesel,Manual,Manual & Automatic,5.0,5.0
Maruti,Swift,Hatchback,6.49,9.7,8.094999999999999,809500.0,22.0,25.75,23.875,1197.0,1197.0,1197.0,2.0,True,Global NCAP,Petrol,Petrol & CNG,Manual,Manual & Automatic,5.0,5.0
Maruti,Baleno,Hatchback,6.66,9.93,8.295,829500.0,22.35,22.94,22.645000000000003,1197.0,1197.0,1197.0,3.0,True,Global NCAP,Petrol,Petrol,Manual,Manual & Automatic,5.0,5.0
Maruti,WagonR,Hatchback,5.85,7.6,6.725,672500.0,20.01,25.19,22.6,998.0,1197.0,1097.5,0.0,False,,Petrol,Petrol & CNG,Manual,Manual & Automatic,5.0,5.0
Maruti,Dzire,Sedan,6.84,9.99,8.415,841500.0,24.12,25.71,24.915,1197.0,1197.0,1197.0,3.0,True,Global NCAP,Petrol,Petrol & CNG,Manual,Manual & Automatic,5.0,5.0
Maruti,Ertiga,MPV,8.99,13.32,11.155,1115500.0,19.02,26.11,22.565,1462.0,1462.0,1462.0,0.0,False,,Petrol,Petrol & CNG,Manual,Manual & Automatic,7.0,7.0
Maruti,Ciaz,Sedan,9.9,13.02,11.46,1146000.0,20.71,20.71,20.71,1462.0,1462.0,1462.0,0.0,False,,Petrol,Petrol,Manual,Manual & Automatic,5.0,5.0
Maruti,Fronx,SUV,7.51,13.36,10.435,1043500.0,20.01,28.51,24.26,998.0,1462.0,1230.0,4.0,True,Global NCAP,Petrol,Petrol & CNG,Manual,Manual & Automatic,5.0,5.0
Maruti,Invicto,MPV,25.87,29.83,27.85,2785000.0,20.9,23.24,22.07,1987.0,1987.0,1987.0,3.0,False,,Hybrid,Hybrid,Automatic,Automatic,7.0,8.0
Maruti,Jimny 5-Door,SUV,12.74,16.05,14.395,1439500.0,16.39,16.94,16.665,1462.0,1462.0,1462.0,5.0,False,,Petrol,Petrol,Manual,Manual & Automatic,5.0,5.0
Maruti,Super Carry,Pickup,5.14,6.39,5.765,576500.0,19.6,19.6,19.6,793.0,793.0,793.0,0.0,False,,Petrol,Petrol & CNG,Manual,Manual,2.0,2.0
Maruti,eVX,SUV,17.79,19.79,18.79,1879000.0,19.6,19.6,19.6,1489.5,1489.5,1489.5,5.0,False,,Electric,Electric,Automatic,Automatic,5.0,5.0
Hyundai,i20,Hatchback,7.03,11.59,9.31,931000.0,18.85,20.25,19.55,1197.0,1197.0,1197.0,3.0,True,Global NCAP,Petrol,Petrol,Manual,Manual & Automatic,5.0,5.0
Hyundai,i20 N Line,Hatchback,10.16,12.36,11.26,1126000.0,18.5,20.2,19.35,998.0,998.0,998.0,3.0,True,Global NCAP,Petrol,Petrol,Manual,Manual & Automatic,5.0,5.0
Hyundai,Aura,Sedan,6.42,9.68,8.05,805000.0,19.7,25.4,22.55,1197.0,1197.0,1197.0,0.0,False,,Petrol,Petrol & CNG,Manual,Manual & Automatic,5.0,5.0
Hyundai,Grand i10 Nios,Hatchback,6.13,9.44,7.785,778500.0,20.3,24.5,22.4,1197.0,1197.0,1197.0,0.0,False,,Petrol,Petrol & CNG,Manual,Manual & Automatic,5.0,5.0
Hyundai,Venue,SUV,7.94,13.3,10.62,1062000.0,17.52,20.87,19.195,998.0,1493.0,1245.5,3.0,True,Global NCAP,Petrol,Petrol & Diesel,Manual,Manual & Automatic,5.0,5.0
Hyundai,Exter,SUV,6.13,10.24,8.185,818500.0,19.2,21.19,20.195,1197.0,1197.0,1197.0,5.0,True,Global NCAP,Petrol,Petrol & CNG,Manual,Manual & Automatic,5.0,5.0
Hyundai,Tucson,SUV,29.05,32.85,30.950000000000003,3095000.0,14.4,14.4,14.4,1995.0,1995.0,1995.0,5.0,True,Euro NCAP,Diesel,Petrol & Diesel,Automatic,Automatic,5.0,5.0
Hyundai,Creta N Line,SUV,16.82,20.37,18.595,1859500.0,18.4,20.2,19.3,1482.0,1482.0,1482.0,5.0,False,,Petrol,Petrol,Manual,Manual & Automatic,5.0,5.0
Hyundai,Ioniq 5,SUV,46.05,46.05,46.05,4605000.0,19.6,19.6,19.6,1489.5,1489.5,1489.5,5.0,True,Euro NCAP,Electric,Electric,Automatic,Automatic,5.0,5.0
Hyundai,Kona Electric,SUV,23.84,23.84,23.84,2384000.0,19.6,19.6,19.6,1489.5,1489.5,1489.5,5.0,True,Euro NCAP,Electric,Electric,Automatic,Automatic,5.0,5.0
Hyundai,Santro,Hatchback,5.03,7.42,6.225,622500.0,20.3,20.3,20.3,1086.0,1086.0,1086.0,0.0,False,,Petrol,Petrol & CNG,Manual,Manual & Automatic,5.0,5.0
Tata,Tiago,Hatchback,5.65,8.8,7.225,722500.0,20.0,23.84,21.92,1199.0,1199.0,1199.0,4.0,True,Global NCAP,Petrol,Petrol & CNG,Manual,Manual & Automatic,5.0,5.0
Tata,Tiago EV,Hatchback,7.99,11.14,9.565,956500.0,19.6,19.6,19.6,1489.5,1489.5,1489.5,4.0,True,Global NCAP,Electric,Electric,Automatic,Automatic,5.0,5.0
Tata,Tigor,Sedan,6.55,9.43,7.99,799000.0,20.0,23.84,21.92,1199.0,1199.0,1199.0,4.0,True,Global NCAP,Petrol,Petrol & CNG,Manual,Manual & Automatic,5.0,5.0
Tata,Altroz,Hatchback,6.65,10.65,8.65,865000.0,18.13,25.11,21.62,1199.0,1497.0,1348.0,5.0,True,Global NCAP,Petrol,Petrol & Diesel,Manual,Manual & Automatic,5.0,5.0
Tata,Punch,SUV,6.13,10.24,8.185,818500.0,18.97,20.09,19.53,1199.0,1199.0,1199.0,5.0,True,Global NCAP,Petrol,Petrol & CNG,Manual,Manual & Automatic,5.0,5.0
Tata,Curvv,SUV,9.99,16.19,13.09,1309000.0,15.6,15.6,15.6,1199.0,1497.0,1348.0,5.0,True,Global NCAP,Petrol,Petrol & Diesel,Manual,Manual & Automatic,5.0,5.0
Tata,Curvv EV,SUV,16.49,21.99,19.24,1924000.0,19.6,19.6,19.6,1489.5,1489.5,1489.5,5.0,True,Global NCAP,Electric,Electric,Automatic,Automatic,5.0,5.0
Tata,Nexon EV Max,SUV,16.9,19.54,18.22,1822000.0,19.6,19.6,19.6,1489.5,1489.5,1489.5,5.0,False,,Electric,Electric,Automatic,Automatic,5.0,5.0
Tata,Winger,Van,17.55,25.35,21.450000000000003,2145000.0,12.9,12.9,12.9,2179.0,2179.0,2179.0,0.0,False,,Diesel,Diesel,Manual,Manual,13.0,26.0
Tata,Ace,Pickup,5.85,7.6,6.725,672500.0,19.6,19.6,19.6,798.0,798.0,798.0,0.0,False,,Diesel,Diesel & CNG,Manual,Manual,2.0,2.0
Tata,Sierra,SUV,14.99,22.99,18.99,1899000.0,19.6,19.6,19.6,1489.5,1489.5,1489.5,5.0,False,,Petrol,Petrol & Electric,Manual,Manual & Automatic,5.0,5.0
Tata,Altroz Racer,Hatchback,9.49,11.29,10.39,1039000.0,20.66,20.66,20.66,1199.0,1199.0,1199.0,5.0,True,Global NCAP,Petrol,Petrol,Manual,Manual,5.0,5.0
Tata,Harrier EV,SUV,21.49,27.49,24.49,2449000.0,19.6,19.6,19.6,1489.5,1489.5,1489.5,5.0,True,Bharat NCAP,Electric,Electric,Automatic,Automatic,5.0,5.0
Mahindra,Bolero,SUV,9.85,12.1,10.975,1097500.0,15.96,15.96,15.96,1493.0,1493.0,1493.0,4.0,True,Global NCAP,Diesel,Diesel,Manual,Manual,7.0,7.0
Mahindra,Bolero Neo,SUV,9.65,12.6,11.125,1112500.0,17.28,17.28,17.28,1497.0,1497.0,1497.0,4.0,True,Global NCAP,Diesel,Diesel,Manual,Manual,7.0,7.0
Mahindra,XUV300,SUV,8.6,14.55,11.575,1157500.0,17.0,20.0,18.5,1197.0,1497.0,1347.0,5.0,True,Global NCAP,Petrol,Petrol & Diesel,Manual,Manual & Automatic,5.0,5.0
Mahindra,KUV100,Hatchback,6.45,9.1,7.775,777500.0,16.42,18.15,17.285,1198.0,1198.0,1198.0,0.0,False,,Petrol,Petrol & Diesel,Manual,Manual,5.0,6.0
Mahindra,Thar Roxx,SUV,12.99,22.49,17.74,1774000.0,15.1,16.7,15.9,1997.0,2184.0,2090.5,5.0,True,Global NCAP,Petrol,Petrol & Diesel,Manual,Manual & Automatic,5.0,5.0
Mahindra,Scorpio Classic,SUV,13.0,16.5,14.75,1475000.0,15.4,15.4,15.4,2184.0,2184.0,2184.0,4.0,False,,Diesel,Diesel,Manual,Manual,7.0,9.0
Mahindra,XEV 9e,SUV,21.9,30.5,26.2,2620000.0,19.6,19.6,19.6,1489.5,1489.5,1489.5,5.0,True,Bharat NCAP,Electric,Electric,Automatic,Automatic,5.0,5.0
Mahindra,BE 6,SUV,18.9,26.9,22.9,2290000.0,19.6,19.6,19.6,1489.5,1489.5,1489.5,5.0,True,Bharat NCAP,Electric,Electric,Automatic,Automatic,5.0,5.0
Kia,Sonet,SUV,7.99,14.0,10.995,1099500.0,18.4,24.1,21.25,998.0,1493.0,1245.5,5.0,False,,Petrol,Petrol & Diesel,Manual,Manual & Automatic,5.0,5.0
Kia,EV6,SUV,60.95,65.95,63.45,6345000.0,19.6,19.6,19.6,1489.5,1489.5,1489.5,5.0,True,Euro NCAP,Electric,Electric,Automatic,Automatic,5.0,5.0
Kia,Syros,SUV,8.99,17.0,12.995,1299500.0,19.5,19.5,19.5,1197.0,1497.0,1347.0,5.0,False,,Petrol,Petrol & Diesel,Manual,Manual & Automatic,5.0,5.0
Kia,Carnival,MPV,26.9,35.9,31.4,3140000.0,12.7,12.7,12.7,2199.0,2199.0,2199.0,0.0,False,,Diesel,Diesel,Automatic,Automatic,7.0,9.0
Kia,EV9,SUV,130.0,130.0,130.0,13000000.0,19.6,19.6,19.6,1489.5,1489.5,1489.5,5.0,True,Euro NCAP,Electric,Electric,Automatic,Automatic,6.0,7.0
Toyota,Glanza,Hatchback,6.68,9.94,8.309999999999999,831000.0,22.35,22.94,22.645000000000003,1197.0,1197.0,1197.0,3.0,True,Global NCAP,Petrol,Petrol,Manual,Manual & Automatic,5.0,5.0
Toyota,Taisor,SUV,7.66,13.32,10.49,1049000.0,20.01,28.51,24.26,998.0,1462.0,1230.0,4.0,True,Global NCAP,Petrol,Petrol & CNG,Manual,Manual & Automatic,5.0,5.0
Toyota,Fortuner,SUV,34.2,52.29,43.245000000000005,4324500.0,10.24,14.09,12.165,2694.0,2755.0,2724.5,5.0,True,ASEAN NCAP,Diesel,Petrol & Diesel,Manual,Manual & Automatic,7.0,7.0
Toyota,Hilux,Pickup,30.4,38.3,34.349999999999994,3435000.0,12.35,12.35,12.35,2755.0,2755.0,2755.0,5.0,True,ASEAN NCAP,Diesel,Diesel,Manual,Manual & Automatic,5.0,5.0
Toyota,Camry,Sedan,48.5,48.5,48.5,4850000.0,19.2,19.2,19.2,2487.0,2487.0,2487.0,5.0,False,,Hybrid,Hybrid,Automatic,Automatic,5.0,5.0
Toyota,Vellfire,MPV,121.5,132.0,126.75,12675000.0,16.35,16.35,16.35,2487.0,2487.0,2487.0,0.0,False,,Hybrid,Hybrid,Automatic,Automatic,7.0,7.0
Toyota,Fortuner Legender,SUV,41.29,52.29,46.79,4679000.0,10.24,14.09,12.165,2694.0,2755.0,2724.5,5.0,True,ASEAN NCAP,Diesel,Petrol & Diesel,Manual,Manual & Automatic,7.0,7.0
Honda,Amaze,Sedan,7.2,10.63,8.915000000000001,891500.0,18.6,19.46,19.03,1199.0,1199.0,1199.0,0.0,False,,Petrol,Petrol,Manual,Manual & Automatic,5.0,5.0
Honda,WR-V,SUV,8.5,12.02,10.26,1026000.0,16.5,17.5,17.0,1199.0,1498.0,1348.5,0.0,False,,Petrol,Petrol & Diesel,Manual,Manual & Automatic,5.0,5.0
Renault,Duster,SUV,10.0,17.0,13.5,1350000.0,17.0,17.0,17.0,1330.0,1498.0,1414.0,0.0,False,,Petrol,Petrol & Diesel,Manual,Manual & Automatic,5.0,5.0
Nissan,Magnite,SUV,6.0,11.55,8.775,877500.0,17.4,20.0,18.7,999.0,999.0,999.0,4.0,True,Global NCAP,Petrol,Petrol,Manual,Manual & Automatic,5.0,5.0
Nissan,Kicks,SUV,10.5,18.5,14.5,1450000.0,19.6,19.6,19.6,1332.0,1332.0,1332.0,0.0,False,,Petrol,Petrol,Manual,Manual & Automatic,5.0,5.0
Nissan,X-Trail,SUV,30.0,38.0,34.0,3400000.0,19.6,19.6,19.6,1497.0,1497.0,1497.0,5.0,False,,Petrol,Petrol,Automatic,Automatic,5.0,7.0
Skoda,Kylaq,SUV,7.89,13.49,10.69,1069000.0,19.8,19.8,19.8,999.0,999.0,999.0,5.0,True,Global NCAP,Petrol,Petrol,Manual,Manual & Automatic,5.0,5.0
Skoda,Kodiaq,SUV,39.99,45.59,42.790000000000006,4279000.0,13.6,13.6,13.6,1984.0,1984.0,1984.0,5.0,True,Euro NCAP,Petrol,Petrol,Automatic,Automatic,5.0,7.0
Skoda,Superb,Sedan,47.99,47.99,47.99,4799000.0,14.67,14.67,14.67,1984.0,1984.0,1984.0,5.0,True,Euro NCAP,Petrol,Petrol,Automatic,Automatic,5.0,5.0
Skoda,Elroq,SUV,45.0,45.0,45.0,4500000.0,19.6,19.6,19.6,1489.5,1489.5,1489.5,5.0,True,Euro NCAP,Electric,Electric,Automatic,Automatic,5.0,5.0
Volkswagen,Tiguan,SUV,35.5,38.0,36.75,3675000.0,12.9,12.9,12.9,1984.0,1984.0,1984.0,5.0,True,Euro NCAP,Petrol,Petrol,Automatic,Automatic,5.0,5.0
Volkswagen,ID.4 GTX,SUV,55.0,60.0,57.5,5750000.0,19.6,19.6,19.6,1489.5,1489.5,1489.5,5.0,True,Euro NCAP,Electric,Electric,Automatic,Automatic,5.0,5.0
MG,Astor,SUV,11.03,17.94,14.485,1448500.0,14.68,16.19,15.435,1349.0,1498.0,1423.5,5.0,False,,Petrol,Petrol,Manual,Manual & Automatic,5.0,5.0
MG,ZS EV,SUV,18.98,24.68,21.83,2183000.0,19.6,19.6,19.6,1489.5,1489.5,1489.5,5.0,False,,Electric,Electric,Automatic,Automatic,5.0,5.0
MG,Comet EV,Hatchback,6.98,9.14,8.06,806000.0,19.6,19.6,19.6,1489.5,1489.5,1489.5,0.0,False,,Electric,Electric,Automatic,Automatic,4.0,4.0
MG,Windsor EV,MPV,13.49,16.79,15.14,1514000.0,19.6,19.6,19.6,1489.5,1489.5,1489.5,0.0,False,,Electric,Electric,Automatic,Automatic,5.0,5.0
MG,Gloster,SUV,39.9,43.6,41.75,4175000.0,12.3,12.3,12.3,1996.0,1996.0,1996.0,5.0,False,,Diesel,Diesel,Automatic,Automatic,7.0,7.0
MG,M9,MPV,68.8,68.8,68.8,6880000.0,19.6,19.6,19.6,1990.0,1990.0,1990.0,0.0,False,,Hybrid,Hybrid,Automatic,Automatic,6.0,7.0
Citroen,Basalt,SUV,7.99,12.91,10.45,1045000.0,19.3,19.3,19.3,1198.0,1199.0,1198.5,0.0,False,,Petrol,Petrol,Manual,Manual & Automatic,5.0,5.0
Citroen,C3 Aircross,SUV,8.49,13.05,10.77,1077000.0,19.3,19.3,19.3,1198.0,1199.0,1198.5,0.0,False,,Petrol,Petrol,Manual,Manual & Automatic,5.0,7.0
Citroen,C5 Aircross,SUV,36.67,36.67,36.67,3667000.0,15.7,15.7,15.7,1997.0,1997.0,1997.0,0.0,False,,Diesel,Diesel,Automatic,Automatic,5.0,5.0
Jeep,Meridian,SUV,29.9,38.06,33.980000000000004,3398000.0,16.4,16.4,16.4,1956.0,1956.0,1956.0,5.0,True,Euro NCAP,Diesel,Diesel,Manual,Manual & Automatic,5.0,7.0
Jeep,Wrangler,SUV,68.94,74.24,71.59,7159000.0,11.5,11.5,11.5,1995.0,1995.0,1995.0,5.0,False,,Petrol,Petrol,Automatic,Automatic,5.0,5.0
Isuzu,V-Cross,Pickup,22.2,25.0,23.6,2360000.0,19.6,19.6,19.6,1898.0,1898.0,1898.0,5.0,True,ASEAN NCAP,Diesel,Diesel,Manual,Manual & Automatic,5.0,5.0
Isuzu,MU-X,SUV,34.06,37.24,35.650000000000006,3565000.0,15.04,15.04,15.04,1898.0,1898.0,1898.0,5.0,True,ASEAN NCAP,Diesel,Diesel,Automatic,Automatic,7.0,7.0
Force Motors,Urbania,Van,26.02,44.65,35.335,3533500.0,10.9,10.9,10.9,2179.0,2179.0,2179.0,0.0,False,,Diesel,Diesel,Manual,Manual,13.0,26.0
Force Motors,Gurkha 5-Door,SUV,17.86,17.86,17.86,1786000.0,19.6,19.6,19.6,2596.0,2596.0,2596.0,0.0,False,,Diesel,Diesel,Manual,Manual,6.0,6.0
BYD,Atto 3,SUV,26.0,26.0,26.0,2600000.0,19.6,19.6,19.6,1489.5,1489.5,1489.5,5.0,True,Global NCAP,Electric,Electric,Automatic,Automatic,5.0,5.0
BYD,Seal,Sedan,41.0,53.0,47.0,4700000.0,19.6,19.6,19.6,1489.5,1489.5,1489.5,5.0,True,Euro NCAP,Electric,Electric,Automatic,Automatic,5.0,5.0
BYD,e6,MPV,29.15,29.15,29.15,2915000.0,19.6,19.6,19.6,1489.5,1489.5,1489.5,0.0,False,,Electric,Electric,Automatic,Automatic,5.0,5.0
BYD,Sealion 7,SUV,41.0,45.0,43.0,4300000.0,19.6,19.6,19.6,1489.5,1489.5,1489.5,5.0,True,Euro NCAP,Electric,Electric,Automatic,Automatic,5.0,5.0
BYD,eMAX 7,MPV,26.9,29.9,28.4,2840000.0,19.6,19.6,19.6,1489.5,1489.5,1489.5,0.0,False,,Electric,Electric,Automatic,Automatic,6.0,7.0
Tata,Tiago NRG,Hatchback,6.87,8.6,7.734999999999999,773500.0,20.0,23.84,21.92,1199.0,1199.0,1199.0,4.0,True,Global NCAP,Petrol,Petrol & CNG,Manual,Manual,5.0,5.0
